membrane_ref,tna_piece,aalt_image_url,aalt_image_filename,maitland_section,maitland_archive_id,coverage,verified,confidence,notes
m24,JUST 1/271,http://aalt.law.uh.edu/AALT4/JUST1/JUST1no271/aJUST1no271fronts/IMG_3878.htm,IMG_3878,Memb. 10,crowncountyplea00glouuoft,crown-pleas-only,yes,high,Anchor: user confirmed IMG_3878 = Maitland Memb. 10 face 2026-06-26
m24d,JUST 1/271,http://aalt.law.uh.edu/AALT4/JUST1/JUST1no271/bJUST1no271dorses/IMG_3933.htm,IMG_3933,Memb. 10 dors.,crowncountyplea00glouuoft,crown-pleas-only,pending,medium,Arithmetic from confirmed m24 anchor; spot-check before reporting score
m25,JUST 1/271,http://aalt.law.uh.edu/AALT4/JUST1/JUST1no271/aJUST1no271fronts/IMG_3879.htm,IMG_3879,Memb. 11,crowncountyplea00glouuoft,crown-pleas-only,pending,medium,Arithmetic from confirmed m24 anchor; spot-check before reporting score
m25d,JUST 1/271,http://aalt.law.uh.edu/AALT4/JUST1/JUST1no271/bJUST1no271dorses/IMG_3934.htm,IMG_3934,Memb. 11 dors.,crowncountyplea00glouuoft,crown-pleas-only,pending,medium,Arithmetic from confirmed m24 anchor; spot-check before reporting score
m26,JUST 1/271,http://aalt.law.uh.edu/AALT4/JUST1/JUST1no271/aJUST1no271fronts/IMG_3880.htm,IMG_3880,Memb. 12,crowncountyplea00glouuoft,crown-pleas-only,pending,medium,Arithmetic from confirmed m24 anchor; spot-check before reporting score
m26d,JUST 1/271,http://aalt.law.uh.edu/AALT4/JUST1/JUST1no271/bJUST1no271dorses/IMG_3935.htm,IMG_3935,Memb. 12 dors.,crowncountyplea00glouuoft,crown-pleas-only,pending,medium,Arithmetic from confirmed m24 anchor; spot-check before reporting score
m27,JUST 1/271,http://aalt.law.uh.edu/AALT4/JUST1/JUST1no271/aJUST1no271fronts/IMG_3881.htm,IMG_3881,Memb. 13,crowncountyplea00glouuoft,crown-pleas-only,pending,medium,Arithmetic from confirmed m24 anchor; spot-check before reporting score
m27d,JUST 1/271,http://aalt.law.uh.edu/AALT4/JUST1/JUST1no271/bJUST1no271dorses/IMG_3936.htm,IMG_3936,Memb. 13 dors.,crowncountyplea00glouuoft,crown-pleas-only,pending,medium,Arithmetic from confirmed m24 anchor; spot-check before reporting score
m28,JUST 1/271,http://aalt.law.uh.edu/AALT4/JUST1/JUST1no271/aJUST1no271fronts/IMG_3882.htm,IMG_3882,Memb. 14,crowncountyplea00glouuoft,crown-pleas-only,pending,medium,Arithmetic from confirmed m24 anchor; spot-check before reporting score
m28d,JUST 1/271,http://aalt.law.uh.edu/AALT4/JUST1/JUST1no271/bJUST1no271dorses/IMG_3937.htm,IMG_3937,Memb. 14 dors.,crowncountyplea00glouuoft,crown-pleas-only,pending,medium,Arithmetic from confirmed m24 anchor; spot-check before reporting score
m29,JUST 1/271,http://aalt.law.uh.edu/AALT4/JUST1/JUST1no271/aJUST1no271fronts/IMG_3883.htm,IMG_3883,Memb. 15,crowncountyplea00glouuoft,crown-pleas-only,pending,medium,Arithmetic from confirmed m24 anchor; spot-check before reporting score
m29d,JUST 1/271,http://aalt.law.uh.edu/AALT4/JUST1/JUST1no271/bJUST1no271dorses/IMG_3938.htm,IMG_3938,Memb. 15 dors.,crowncountyplea00glouuoft,crown-pleas-only,pending,medium,Arithmetic from confirmed m24 anchor; spot-check before reporting score
m30,JUST 1/271,http://aalt.law.uh.edu/AALT4/JUST1/JUST1no271/aJUST1no271fronts/IMG_3884.htm,IMG_3884,Memb. 16,crowncountyplea00glouuoft,crown-pleas-only,pending,medium,Arithmetic from confirmed m24 anchor; spot-check before reporting score
m30d,JUST 1/271,http://aalt.law.uh.edu/AALT4/JUST1/JUST1no271/bJUST1no271dorses/IMG_3939.htm,IMG_3939,Memb. 16 dors.,crowncountyplea00glouuoft,crown-pleas-only,pending,medium,Arithmetic from confirmed m24 anchor; spot-check before reporting score
m31,JUST 1/271,http://aalt.law.uh.edu/AALT4/JUST1/JUST1no271/aJUST1no271fronts/IMG_3885.htm,IMG_3885,Memb. 17,crowncountyplea00glouuoft,crown-pleas-only,pending,medium,Arithmetic from confirmed m24 anchor; spot-check before reporting score
m31d,JUST 1/271,http://aalt.law.uh.edu/AALT4/JUST1/JUST1no271/bJUST1no271dorses/IMG_3940.htm,IMG_3940,Memb. 17 dors.,crowncountyplea00glouuoft,crown-pleas-only,pending,medium,Arithmetic from confirmed m24 anchor; spot-check before reporting score
m32,JUST 1/271,http://aalt.law.uh.edu/AALT4/JUST1/JUST1no271/aJUST1no271fronts/IMG_3886.htm,IMG_3886,Memb. 18,crowncountyplea00glouuoft,crown-pleas-only,pending,medium,Arithmetic from confirmed m24 anchor; spot-check before reporting score
m32d,JUST 1/271,http://aalt.law.uh.edu/AALT4/JUST1/JUST1no271/bJUST1no271dorses/IMG_3941.htm,IMG_3941,Memb. 18 dors.,crowncountyplea00glouuoft,crown-pleas-only,pending,medium,Arithmetic from confirmed m24 anchor; spot-check before reporting score
m33,JUST 1/271,http://aalt.law.uh.edu/AALT4/JUST1/JUST1no271/aJUST1no271fronts/IMG_3887.htm,IMG_3887,Memb. 19,crowncountyplea00glouuoft,crown-pleas-only,pending,medium,Arithmetic from confirmed m24 anchor; spot-check before reporting score
m33d,JUST 1/271,http://aalt.law.uh.edu/AALT4/JUST1/JUST1no271/bJUST1no271dorses/IMG_3942.htm,IMG_3942,Memb. 19 dors.,crowncountyplea00glouuoft,crown-pleas-only,pending,medium,Arithmetic from confirmed m24 anchor; spot-check before reporting score
m34,JUST 1/271,http://aalt.law.uh.edu/AALT4/JUST1/JUST1no271/aJUST1no271fronts/IMG_3888.htm,IMG_3888,Memb. 20,crowncountyplea00glouuoft,crown-pleas-only,pending,medium,Short section; Maitland notes amercements begin on Memb. 21
m35,JUST 1/271,http://aalt.law.uh.edu/AALT4/JUST1/JUST1no271/aJUST1no271fronts/IMG_3889.htm,IMG_3889,Memb. 21,crowncountyplea00glouuoft,crown-pleas-only,pending,medium,Amercement list begins here per Maitland
m36,JUST 1/271,http://aalt.law.uh.edu/AALT4/JUST1/JUST1no271/aJUST1no271fronts/IMG_3890.htm,IMG_3890,Memb. 22,crowncountyplea00glouuoft,crown-pleas-only,pending,medium,Amercement list
m37,JUST 1/271,http://aalt.law.uh.edu/AALT4/JUST1/JUST1no271/aJUST1no271fronts/IMG_3891.htm,IMG_3891,Memb. 23,crowncountyplea00glouuoft,crown-pleas-only,pending,medium,Amercement list
m38d,JUST 1/271,http://aalt.law.uh.edu/AALT4/JUST1/JUST1no271/bJUST1no271dorses/IMG_3947.htm,IMG_3947,Memb. 24 dors.,crowncountyplea00glouuoft,crown-pleas-only,pending,medium,Last section in Maitland; includes tail of amercement list
