membrane_ref,plea_num,hundred,party_1,party_2,offence_latin,offence_type,verdict,amercement_raw,plea_text_snippet
m25,53,Selochtres,Willelmus serviens Robert! de Heselei invenit Ricar- dum le Sire in curtillagio^,ipsum,occidit,homicide,in misericordia,,53. Willelmus serviens Robert! de Heselei invenit Ricar- dum le Sire in curtillagio^ domini sui furantem olera et Willel
m25,54,Selochtres,Malefactores,,occidit,homicide,nichil,,54. Malefactores venerunt ad domum Juliane de Ber- ningtone et occiderunt Thomam puerum ipsius Juliane; nullus malecredi
m25,55,Selochtres,Malefactores,,,unknown,murdrum,,55. Malefactores venerunt de nocte ad molendinum de Berningtone et vulneraverunt Danielem et Walterum socium suum qui fu
m25,56,Selochtres,Eustachius capellanus de Risendone fuit ad con- vivium Hugonis Dod et in reditu ,,,unknown,utlagatus est,,56. Eustachius capellanus de Risendone fuit ad con- vivium Hugonis Dod et in reditu suo versus domum sub- ' in orto B. 2
m25,57,Selochtres,Willelmus molendinarius jactavit^ Nicholaum mo- lendinarium cum quadam petra ita,,,unknown,,,57. Willelmus molendinarius jactavit^ Nicholaum mo- lendinarium cum quadam petra ita quod obiit ; et fugit ; et fuit in 
m25,58,Selochtres,Robertus de Cimeterio homo persone de Borchtone,Willelmum Barlich,occidit,homicide,utlagatus est,,58. Robertus de Cimeterio homo persone de Borchtone occidit Willelmum Barlich de Slohtres ; et Robertus fugit et utlagat
m25,59,Selochtres,Robertus filius Simonis de Borctone percussit Radul- fum filium Johannis de Borc,,,unknown,,,59. Robertus filius Simonis de Borctone percussit Radul- fum filium Johannis de Borctone cum cnipulo suo ita quod obiit 
m25,60,Selochtres,Ricardus Flithe,Thomam socium suum,occidit,homicide,,,60. Ricardus Flithe occidit Thomam socium suum et fugit ; et nullus alius malecreditur ; ideo exigatur ; non habuit cata
m25,61,Selochtres,Ricardus le Messer de Bladintone percussit Johan- nem de Shireburne cum quadam s,,,unknown,,,"61. Ricardus le Messer de Bladintone percussit Johan- nem de Shireburne cum quadam securi ^, ita quod obiit ; et Ricardu"
m25,62,Selochtres,,,,unknown,in misericordia,,"62. Domus Roberti le Messer in Bladintone fuit burgata et archa Johannis filii molendinarii, que in domo ilia fuit, fuit"
m25,63,Selochtres,,,contra assisam,assize-violation,loquendum,,63. Hugo Fot et Henricus Chapman de Lestanwe ven- diderunt vinum contra assisam apud Stanvve. 64 \ Loquendum dc quibusda
m25,65,Selochtres,Willelmus filius Lcuine fuit ad cervisiam quandam apud Slohtres et in recessu su,,,unknown,murdrum,,65. Willelmus filius Lcuine fuit ad cervisiam quandam apud Slohtres et in recessu suo supervenit Rogerus homo persona de
m25,66,Selochtres,,,,unknown,,3^,66. Nicholaus famulus Henrici prepositi cecidit de quo- dam equo sicut sedit super saccum ita quod obiit ; nullus malecr
m25,67,Selochtres,Robertus filius Brie percussus,,,unknown,,,67. Robertus filius Brie percussus fuit in comitatu Wigor- nie et convaluit de ictu et postea obiit infirmitate -^ ; et 
m25,68,Selochtres,,,,unknown,in misericordia,,68. Juratores dicunt quod Adam persona de Secumbe estreciavit ^ duas vias ex utraque parte domus sue et levavit quendam 
m25,69,Selochtres,,,,unknown,custodiatur,,69. Andreas le Ferur verberavit Wimarcam uxorem Willelmi le Sauter pregnantem et Willelmus vir suus im- posuit ei quod p
m25,70,Selochtres,Andreas de Winchecumbe et Hugo le Ferur vendide- runt vinum contra assisam et id,Eumolotam,occidit,homicide,in misericordia,"71 ^; 2""; 6^; 72 ^",70. Andreas de Winchecumbe et Hugo le Ferur vendide- runt vinum contra assisam et ideo in misericordia. Adhuc de Hundred
m25,732,Slochtre,Philippus de Egham cognoscens se esse latronem Warr appellat Willelmum filium Ro,,,unknown,suspensus,15^; 1^; 40^,732. Philippus de Egham cognoscens se esse latronem Warr appellat Willelmum filium Roberti de Dimescherche quod latro es
