raw_value,membrane_refs,canonical_hundred,confidence,note
Kyftesiatc,m24,Kiftsgate,high,"Maitland's own English introduction (m38d.txt) names ""jurors of Kiftsgate hundred"" directly"
Selochtres,m25,Slaughter,high,"VCH Gloucestershire vol. 6 confirms a Slaughter hundred; phonetic match Selocht- / Slaught-"
Slochtre,m25,Slaughter,high,"same heading repeated later in m25.txt (""Adhuc de Hundredo de Slochtre."")"
Tyboldesian,m25d,Tibaldstone,high,"m25d.txt itself glosses this elsewhere as ""hundred(o) de Tyboldestan""; matches known hundred Tibaldstone"
Bradelege Ctr,m27d,Bradley,high,"matches known hundred Bradley; trailing ""Ctr"" abbreviation uncertain (possibly ""citra"", ""this side [of a river/boundary]"", a common qualifier in paired hundred names) — left unresolved, does not affect the identification"
Berkelay,m29d,Berkeley,high,"direct phonetic match to known hundred Berkeley"
Berkdcge,m30,Berkeley,high,"OCR variant of the same heading, confirmed by m36.txt's cleaner appendix spelling ""Hundreditm de Berkele."""
CJiilteham,m28,Cheltenham,high,"matches known hundred Cheltenham; confirmed by m36.txt's appendix spelling ""Hundrednm de Chiltham."""
Langetre,m28,Longtree,high,"matches known hundred Longtree; confirmed by m36.txt's appendix spelling ""Hundredum de Langetre."""
Gnmbodeshe,m26d,Grumbald's Ash,high,"matches known hundred Grumbald's Ash; confirmed by m35.txt's appendix spelling ""Hundrediim de Holeforde""(sic, see below)/""Grumbodcsh"""
Hwitestoji,m32d,Whitstone,high,"VCH Gloucestershire vol. 10 (1972) confirms a Whitstone hundred"
Biselee,m30d,Bisley,high,"matches known hundred Bisley; confirmed by m37.txt's appendix spelling ""De Hundredo de Bisele"""
Cirencestria,m28d,Cirencester,high,"Maitland's own English introduction (m38d.txt) refers directly to ""the hundred of Cirencester"""
Circenccstric,m29,Cirencester,high,"same heading, worse OCR"
Cirejiccstrie,m29,Cirencester,high,"same heading again (""Villata Cirejiccstrie."" sub-heading on same membrane)"
Thornebiric,m27,Thornbury,high,"direct phonetic match to known hundred Thornbury"
Pukelecherche Grumb,m29d,Pucklechurch,high,"matches known hundred Pucklechurch; trailing ""Grumb"" likely marks a joint session with neighbouring Grumbald's Ash — attributed to Pucklechurch only, joint part unresolved"
Respegate Cir,m27,Rapsgate,high,"matches known hundred Rapsgate (confirmed by m36.txt's appendix spelling ""Hundredum de Repsgate.""); trailing ""Cir"" likely marks a joint session with Cirencester — attributed to Rapsgate only, joint part unresolved"
Diidestem,m32,Dudstone and King's Barton,high,"matches known hundred Dudstone & King's Barton"
Stvinesheved,m33d,Langley and Swinehead,high,"the ""Swineshead"" (lower-division) heading for this hundred; confirmed by m37.txt's appendix spelling ""Sivineshevcd"""
Botelawe,m31,Botloe,high,"matches known hundred Botloe; phonetic match Botelawe / Botloe"
DurJuirst,m25d,Deerhurst,high,"matches known hundred Deerhurst; m25d.txt itself also has ""Hundrednni de DurJuirst."" and a gloss ""[Loq sup sunt de Hundredo de Derhurst...]"""
Blideslauwe,m31d,Bledisloe,high,"matches known hundred Bledisloe"
Blideslmiwe',m31,Bledisloe,high,"same heading, worse OCR"
TJieokesbirie,m28d,Tewkesbury,high,"direct phonetic match to known hundred Tewkesbury; confirmed by m36.txt's appendix spelling ""Htmdredum de Teokesbiria."""
Bernetre Hambyria,m26d,UNIDENTIFIED,low,"not one of the 3 names you supplied; no confident match against the known Gloucestershire hundred list. A footnote elsewhere in the corpus (m35.txt: ""[... to Bemtree Hundred.]"") independently uses the same ""Bemtree""/""Bernetre"" name, so this is a real recurring hundred name, not an OCR fluke — but it still needs the same Domesday cross-reference before it can go on the map"
Aggeniede,m26,Henbury,assumed,"user-supplied identification (2026-10-06), pending cross-reference against Domesday Book hundred names — not yet independently verified against VCH or another primary source"
Langlege Okvestane de Grumb,m27,Langley and Swinehead,mixed,"the ""Langley"" (upper-division) heading for this hundred, held jointly with Olveston (a constituent parish of the hundred's lower division — consistent cross-check) and Grumbald's Ash (a neighbouring hundred); ""Langlege""=Langley and ""Grumb""=Grumbald's Ash are high-confidence, the middle name ""Okvestane""=Olveston is a user-supplied identification (2026-10-06), pending cross-reference against Domesday Book hundred names"
Holeford et de Gretestan,m24d,Holeford,mixed,"held jointly with Stanton (""Gretestan""=Stanton is a user-supplied identification, 2026-10-06, pending cross-reference against Domesday Book hundred names); ""Holeford""/""Holeforde"" recurs in m35.txt's appendix as its own heading so it is a real hundred name but is otherwise unmatched against the known Gloucestershire hundred list and has no coordinate yet"
